Workbook

Sheet Estaciones_Datos
A1: ID Estación | B1: Provincia | C1: Altitud (m) | D1: Distancia al mar (km) | E1: Latitud (°N) | F1: Precip. Observada (mm) | G1: Precip. Estimada (mm) | H1: Residuo (mm)
A2: EST-001 | B2: Valencia | C2: 474.42975 | D2: 31.8444 | E2: 39.757077 | F2: 86.137566 | G2: =Regresion!$B$4 + (Regresion!$B$5 * C2) + (Regresion!$B$6 * D2) + (Regresion!$B$7 * E2) -> 78.582435 | H2: =F2 - G2 -> 7.5551306
A3: EST-002 | B3: Valencia | C3: 1188.8857 | D3: 18.605793 | E3: 39.498095 | F3: 100.17088 | G3: =Regresion!$B$4 + (Regresion!$B$5 * C3) + (Regresion!$B$6 * D3) + (Regresion!$B$7 * E3) -> 105.32612 | H3: =F3 - G3 -> -5.1552415
A4: EST-003 | B4: Alicante | C4: 917.67249 | D4: 97.758858 | E4: 38.121657 | F4: 70.065394 | G4: =Regresion!$B$4 + (Regresion!$B$5 * C4) + (Regresion!$B$6 * D4) + (Regresion!$B$7 * E4) -> 66.14269 | H4: =F4 - G4 -> 3.9227037
A5: EST-004 | B5: Valencia | C5: 752.33652 | D5: 85.236399 | E5: 38.916376 | F5: 74.278551 | G5: =Regresion!$B$4 + (Regresion!$B$5 * C5) + (Regresion!$B$6 * D5) + (Regresion!$B$7 * E5) -> 68.701527 | H5: =F5 - G5 -> 5.5770242
A6: EST-005 | B6: Alicante | C6: 203.46311 | D6: 67.240587 | E6: 38.619087 | F6: 46.712157 | G6: =Regresion!$B$4 + (Regresion!$B$5 * C6) + (Regresion!$B$6 * D6) + (Regresion!$B$7 * E6) -> 52.610053 | H6: =F6 - G6 -> -5.8978959
A7: EST-006 | B7: Alicante | C7: 203.43321 | D7: 91.760441 | E7: 38.55757 | F7: 45.819741 | G7: =Regresion!$B$4 + (Regresion!$B$5 * C7) + (Regresion!$B$6 * D7) + (Regresion!$B$7 * E7) -> 45.65959 | H7: =F7 - G7 -> 0.16015144
A8: EST-007 | B8: Castellón | C8: 82.023679 | D8: 84.778224 | E8: 40.671731 | F8: 35.183411 | G8: =Regresion!$B$4 + (Regresion!$B$5 * C8) + (Regresion!$B$6 * D8) + (Regresion!$B$7 * E8) -> 56.473076 | H8: =F8 - G8 -> -21.289665
A9: EST-008 | B9: Valencia | C9: 1084.0584 | D9: 21.216716 | E9: 38.989983 | F9: 90.759883 | G9: =Regresion!$B$4 + (Regresion!$B$5 * C9) + (Regresion!$B$6 * D9) + (Regresion!$B$7 * E9) -> 97.823875 | H9: =F9 - G9 -> -7.0639924
A10: EST-009 | B10: Castellón | C10: 755.38261 | D10: 93.933577 | E10: 40.436935 | F10: 74.549288 | G10: =Regresion!$B$4 + (Regresion!$B$5 * C10) + (Regresion!$B$6 * D10) + (Regresion!$B$7 * E10) -> 75.942983 | H10: =F10 - G10 -> -1.3936953
A11: EST-010 | B11: Valencia | C11: 888.01 | D11: 57.552251 | E11: 39.680302 | F11: 77.389973 | G11: =Regresion!$B$4 + (Regresion!$B$5 * C11) + (Regresion!$B$6 * D11) + (Regresion!$B$7 * E11) -> 85.581984 | H11: =F11 - G11 -> -8.1920103
A12: EST-011 | B12: Castellón | C12: 35.524773 | D12: 85.166336 | E12: 40.154953 | F12: 62.064684 | G12: =Regresion!$B$4 + (Regresion!$B$5 * C12) + (Regresion!$B$6 * D12) + (Regresion!$B$7 * E12) -> 51.537689 | H12: =F12 - G12 -> 10.526995
A13: EST-012 | B13: Valencia | C13: 1212.6882 | D13: 94.297404 | E13: 39.307648 | F13: 76.150781 | G13: =Regresion!$B$4 + (Regresion!$B$5 * C13) + (Regresion!$B$6 * D13) + (Regresion!$B$7 * E13) -> 84.696748 | H13: =F13 - G13 -> -8.5459666
... A111: EST-110 | B111: Alicante | C111: 105.45509 | D111: 89.470011 | E111: 38.56842 | F111: 40.799918 | G111: =Regresion!$B$4 + (Regresion!$B$5 * C111) + (Regresion!$B$6 * D111) + (Regresion!$B$7 * E111) -> 42.938097 | H111: =F111 - G111 -> -2.138179

Sheet Regresion
A1: Regresión lineal múltiple: Precip. Observada = b0 + b1·Altitud + b2·Distancia al mar + b3·Latitud
A3: Término | B3: Coeficiente | C3: Error estándar | D3: Estadístico t | E3: p-valor
A4: Intercepto (b0) | B4: =INDEX(LINEST(Estaciones_Datos!$F$2:$F$111,Estaciones_Datos!$C$2:$E$111,TRUE(),TRUE()),1,4) -> -176.83505 | C4: =INDEX(LINEST(Estaciones_Datos!$F$2:$F$111,Estaciones_Datos!$C$2:$E$111,TRUE(),TRUE()),2,4) -> 26.415236 | D4: =B4/C4 -> -6.6944336 | E4: =TDIST(ABS(D4),B12,2) -> 1.0624456e-09
A5: Altitud (b1) | B5: =INDEX(LINEST(Estaciones_Datos!$F$2:$F$111,Estaciones_Datos!$C$2:$E$111,TRUE(),TRUE()),1,3) -> 0.03472627 | C5: =INDEX(LINEST(Estaciones_Datos!$F$2:$F$111,Estaciones_Datos!$C$2:$E$111,TRUE(),TRUE()),2,3) -> 0.0015085714 | D5: =B5/C5 -> 23.019308 | E5: =TDIST(ABS(D5),B12,2) -> 4.8873967e-43
A6: Distancia al mar (b2) | B6: =INDEX(LINEST(Estaciones_Datos!$F$2:$F$111,Estaciones_Datos!$C$2:$E$111,TRUE(),TRUE()),1,2) -> -0.26780372 | C6: =INDEX(LINEST(Estaciones_Datos!$F$2:$F$111,Estaciones_Datos!$C$2:$E$111,TRUE(),TRUE()),2,2) -> 0.01848747 | D6: =B6/C6 -> -14.485688 | E6: =TDIST(ABS(D6),B12,2) -> 6.9960288e-27
A7: Latitud (b3) | B7: =INDEX(LINEST(Estaciones_Datos!$F$2:$F$111,Estaciones_Datos!$C$2:$E$111,TRUE(),TRUE()),1,1) -> 6.224561 | C7: =INDEX(LINEST(Estaciones_Datos!$F$2:$F$111,Estaciones_Datos!$C$2:$E$111,TRUE(),TRUE()),2,1) -> 0.6741789 | D7: =B7/C7 -> 9.232803 | E7: =TDIST(ABS(D7),B12,2) -> 2.9911304e-15
A9: Ajuste del modelo
A10: R² | B10: =INDEX(LINEST(Estaciones_Datos!$F$2:$F$111,Estaciones_Datos!$C$2:$E$111,TRUE(),TRUE()),3,1) -> 0.88582289
A11: Error estándar residual (mm) | B11: =INDEX(LINEST(Estaciones_Datos!$F$2:$F$111,Estaciones_Datos!$C$2:$E$111,TRUE(),TRUE()),3,2) -> 5.7733911
A12: Grados de libertad | B12: =INDEX(LINEST(Estaciones_Datos!$F$2:$F$111,Estaciones_Datos!$C$2:$E$111,TRUE(),TRUE()),4,2) -> 106
A13: Estadístico F | B13: =INDEX(LINEST(Estaciones_Datos!$F$2:$F$111,Estaciones_Datos!$C$2:$E$111,TRUE(),TRUE()),4,1) -> 274.12742
A14: Nº de estaciones | B14: =COUNT(Estaciones_Datos!F2:F111) -> 110
A15: Suma de residuos (comprobación ≈ 0) | B15: =SUM(Estaciones_Datos!H2:H111) -> -2.5295321e-12
A17: Notas: los coeficientes se calculan con LINEST sobre las 110 estaciones (mínimos cuadrados ordinarios); si cambian los datos, todo se recalcula.
